{"cameraMode":{"drawMode":0,"name":"Shaded","section":"Shading Mode"},"sceneLighting":true,"audioPlay":false,"sceneViewState":{"showFog":true,"showMaterialUpdate":false,"showSkybox":false,"showFlares":true,"showImageEffects":true,"showParticleSystems":true},"in2DMode":false,"pivot":{"x":0.6040157079696655,"y":-2.0179455280303957,"z":3.941063165664673},"rotation":{"x":-0.056888457387685779,"y":-0.06402959674596787,"z":0.0031958315521478655,"w":-0.9964857697486877},"size":5.669697284698486,"orthographic":false}