{"cameraMode":{"drawMode":0,"name":"Shaded","section":"Shading Mode"},"sceneLighting":true,"audioPlay":false,"sceneViewState":{"showFog":true,"showMaterialUpdate":false,"showSkybox":true,"showFlares":true,"showImageEffects":true,"showParticleSystems":true},"in2DMode":false,"pivot":{"x":-2.426644802093506,"y":-2.517345905303955,"z":3.332493305206299},"rotation":{"x":0.22750426828861237,"y":-0.31539955735206606,"z":0.07846099883317948,"w":0.9181207418441773},"size":6.958361625671387,"orthographic":false}