{"cameraMode":{"drawMode":0,"name":"Shaded","section":"Shading Mode"},"sceneLighting":true,"audioPlay":false,"sceneViewState":{"showFog":true,"showMaterialUpdate":false,"showSkybox":false,"showFlares":true,"showImageEffects":true,"showParticleSystems":true},"in2DMode":false,"pivot":{"x":-2.964749813079834,"y":-0.7211654782295227,"z":6.103353977203369},"rotation":{"x":-0.04947942495346069,"y":0.23193241655826569,"z":-0.01230383850634098,"w":-0.9715648889541626},"size":16.5677490234375,"orthographic":false}