{"cameraMode":{"drawMode":0,"name":"Shaded","section":"Shading Mode"},"sceneLighting":false,"audioPlay":false,"sceneViewState":{"showFog":true,"showMaterialUpdate":false,"showSkybox":false,"showFlares":true,"showImageEffects":true,"showParticleSystems":true},"in2DMode":false,"pivot":{"x":0.032785672694444659,"y":-0.1561257690191269,"z":-0.009295735508203507},"rotation":{"x":0.21525095403194428,"y":-0.7149081230163574,"z":0.2498285472393036,"w":0.6168550848960877},"size":1.7923589944839478,"orthographic":false}