{"cameraMode":{"drawMode":0,"name":"Shaded","section":"Shading Mode"},"sceneLighting":true,"audioPlay":false,"sceneViewState":{"showFog":true,"showMaterialUpdate":false,"showSkybox":false,"showFlares":true,"showImageEffects":true,"showParticleSystems":true},"in2DMode":false,"pivot":{"x":1.4496002197265626,"y":1.4639997482299805,"z":0.27159976959228518},"rotation":{"x":-0.03974422812461853,"y":-0.19770729541778565,"z":0.007756550330668688,"w":-0.9795811176300049},"size":18.128068923950197,"orthographic":false}