{"cameraMode":{"drawMode":0,"name":"Shaded","section":"Shading Mode"},"sceneLighting":false,"audioPlay":false,"sceneViewState":{"showFog":true,"showMaterialUpdate":false,"showSkybox":false,"showFlares":true,"showImageEffects":true,"showParticleSystems":true},"in2DMode":false,"pivot":{"x":-1.0538840293884278,"y":-0.20507997274398805,"z":-0.093317911028862},"rotation":{"x":0.07068545371294022,"y":-0.7140458226203919,"z":0.07331129163503647,"w":0.6928915977478027},"size":2.7225005626678469,"orthographic":false}