{"cameraMode":{"drawMode":0,"name":"Shaded","section":"Shading Mode"},"sceneLighting":false,"audioPlay":false,"sceneViewState":{"showFog":true,"showMaterialUpdate":true,"showSkybox":false,"showFlares":true,"showImageEffects":true,"showParticleSystems":true},"in2DMode":false,"pivot":{"x":0.36500000953674319,"y":-0.4139999747276306,"z":-0.28700000047683718},"rotation":{"x":-0.175386443734169,"y":-0.655717134475708,"z":0.16045519709587098,"w":-0.7166557312011719},"size":1.5113215446472169,"orthographic":false}