{"cameraMode":{"drawMode":0,"name":"Shaded","section":"Shading Mode"},"sceneLighting":false,"audioPlay":false,"sceneViewState":{"showFog":true,"showMaterialUpdate":true,"showSkybox":false,"showFlares":true,"showImageEffects":true,"showParticleSystems":true},"in2DMode":false,"pivot":{"x":-0.5768553018569946,"y":0.16116474568843842,"z":0.09038978815078736},"rotation":{"x":0.12360265851020813,"y":0.6258456110954285,"z":-0.10130893439054489,"w":0.7634292244911194},"size":0.79698246717453,"orthographic":false}