{"cameraMode":{"drawMode":0,"name":"Shaded","section":"Shading Mode"},"sceneLighting":false,"audioPlay":false,"sceneViewState":{"showFog":true,"showMaterialUpdate":false,"showSkybox":false,"showFlares":true,"showImageEffects":true,"showParticleSystems":true},"in2DMode":false,"pivot":{"x":-4.24738073348999,"y":-4.762571334838867,"z":14.961118698120118},"rotation":{"x":0.27736854553222659,"y":-0.18867908418178559,"z":0.05565257370471954,"w":0.9404221177101135},"size":27.33877944946289,"orthographic":false}