{"cameraMode":{"drawMode":0,"name":"Shaded","section":"Shading Mode"},"sceneLighting":true,"audioPlay":false,"sceneViewState":{"showFog":true,"showMaterialUpdate":false,"showSkybox":false,"showFlares":true,"showImageEffects":true,"showParticleSystems":true},"in2DMode":false,"pivot":{"x":460.21026611328127,"y":122.30865478515625,"z":492.664794921875},"rotation":{"x":0.22149232029914857,"y":-0.036271657794713977,"z":0.00824619922786951,"w":0.974461555480957},"size":80.02073669433594,"orthographic":false}