{"cameraMode":{"drawMode":0,"name":"Shaded","section":"Shading Mode"},"sceneLighting":false,"audioPlay":false,"sceneViewState":{"showFog":true,"showMaterialUpdate":true,"showSkybox":false,"showFlares":true,"showImageEffects":true,"showParticleSystems":true},"in2DMode":false,"pivot":{"x":6.596536159515381,"y":6.455267429351807,"z":-5.4693498611450199},"rotation":{"x":-0.17049802839756013,"y":0.2747173607349396,"z":-0.049561455845832828,"w":-0.9450002908706665},"size":41.37602615356445,"orthographic":false}