{"cameraMode":{"drawMode":0,"name":"Shaded","section":"Shading Mode"},"sceneLighting":false,"audioPlay":false,"sceneViewState":{"showFog":true,"showMaterialUpdate":true,"showSkybox":true,"showFlares":true,"showImageEffects":true,"showParticleSystems":true},"in2DMode":false,"pivot":{"x":-72.23114776611328,"y":223.38711547851563,"z":0.952606201171875},"rotation":{"x":0.0958031713962555,"y":-0.898339569568634,"z":0.2442806363105774,"w":0.35236281156539919},"size":21.01999282836914,"orthographic":false}