{"cameraMode":{"drawMode":0,"name":"Shaded","section":"Shading Mode"},"sceneLighting":false,"audioPlay":false,"sceneViewState":{"showFog":true,"showMaterialUpdate":false,"showSkybox":false,"showFlares":true,"showImageEffects":true,"showParticleSystems":true},"in2DMode":false,"pivot":{"x":0.0,"y":1.021418571472168,"z":-0.013672828674316407},"rotation":{"x":0.08271376043558121,"y":0.8423560261726379,"z":-0.13501721620559693,"w":0.5152391195297241},"size":6.008869647979736,"orthographic":false}