{"cameraMode":{"drawMode":0,"name":"Shaded","section":"Shading Mode"},"sceneLighting":false,"audioPlay":false,"sceneViewState":{"showFog":true,"showMaterialUpdate":true,"showSkybox":false,"showFlares":true,"showImageEffects":true,"showParticleSystems":true},"in2DMode":false,"pivot":{"x":-0.16891920566558839,"y":-0.17279505729675294,"z":0.8043906688690186},"rotation":{"x":-0.2330329716205597,"y":-0.04928179830312729,"z":0.01183515228331089,"w":-0.9711641669273377},"size":2.646306276321411,"orthographic":false}