{"cameraMode":{"drawMode":0,"name":"Shaded","section":"Shading Mode"},"sceneLighting":true,"audioPlay":false,"sceneViewState":{"showFog":true,"showMaterialUpdate":false,"showSkybox":true,"showFlares":true,"showImageEffects":true,"showParticleSystems":true},"in2DMode":false,"pivot":{"x":347.9255065917969,"y":169.73629760742188,"z":484.8359069824219},"rotation":{"x":0.24003195762634278,"y":0.4859054982662201,"z":-0.14080922305583955,"w":0.8285582661628723},"size":2.9562244415283205,"orthographic":false}