{"cameraMode":{"drawMode":0,"name":"Shaded","section":"Shading Mode"},"sceneLighting":true,"audioPlay":false,"sceneViewState":{"showFog":true,"showMaterialUpdate":true,"showSkybox":true,"showFlares":true,"showImageEffects":true,"showParticleSystems":true},"in2DMode":false,"pivot":{"x":-38.74171447753906,"y":232.486083984375,"z":0.19217729568481446},"rotation":{"x":0.03581319376826286,"y":-0.10178215056657791,"z":-0.0036089567001909019,"w":-0.99420166015625},"size":6.1459574699401859,"orthographic":false}