{"cameraMode":{"drawMode":0,"name":"Shaded","section":"Shading Mode"},"sceneLighting":false,"audioPlay":false,"sceneViewState":{"showFog":true,"showMaterialUpdate":false,"showSkybox":false,"showFlares":true,"showImageEffects":true,"showParticleSystems":true},"in2DMode":false,"pivot":{"x":-1.2303705215454102,"y":9.437932014465332,"z":2.105419158935547},"rotation":{"x":0.05213595926761627,"y":0.9314355254173279,"z":-0.328439325094223,"w":0.14793631434440614},"size":52.008026123046878,"orthographic":false}