{"cameraMode":{"drawMode":0,"name":"Shaded","section":"Shading Mode"},"sceneLighting":false,"audioPlay":false,"sceneViewState":{"showFog":true,"showMaterialUpdate":false,"showSkybox":false,"showFlares":true,"showImageEffects":true,"showParticleSystems":true},"in2DMode":false,"pivot":{"x":-1.2303705215454102,"y":9.803513526916504,"z":2.105419158935547},"rotation":{"x":0.108116015791893,"y":0.5065432190895081,"z":-0.06406752020120621,"w":0.8530676364898682},"size":51.139190673828128,"orthographic":false}