{"cameraMode":{"drawMode":0,"name":"Shaded","section":"Shading Mode"},"sceneLighting":false,"audioPlay":false,"sceneViewState":{"showFog":true,"showMaterialUpdate":true,"showSkybox":false,"showFlares":true,"showImageEffects":true,"showParticleSystems":true},"in2DMode":false,"pivot":{"x":-8.438274383544922,"y":-3.5789194107055666,"z":-9.014923095703125},"rotation":{"x":0.0704396665096283,"y":-0.9295440316200256,"z":0.2527620494365692,"w":0.25905781984329226},"size":21.70794105529785,"orthographic":false}