{"cameraMode":{"drawMode":0,"name":"Shaded","section":"Shading Mode"},"sceneLighting":false,"audioPlay":false,"sceneViewState":{"showFog":true,"showMaterialUpdate":true,"showSkybox":false,"showFlares":true,"showImageEffects":true,"showParticleSystems":true},"in2DMode":false,"pivot":{"x":-1.2303705215454102,"y":8.937932968139649,"z":2.105419158935547},"rotation":{"x":0.000503414950799197,"y":-0.8491087555885315,"z":0.5282174348831177,"w":0.0007567467982880771},"size":53.217628479003909,"orthographic":false}