{"cameraMode":{"drawMode":0,"name":"Shaded","section":"Shading Mode"},"sceneLighting":false,"audioPlay":false,"sceneViewState":{"showFog":true,"showMaterialUpdate":true,"showSkybox":true,"showFlares":true,"showImageEffects":true,"showParticleSystems":true},"in2DMode":false,"pivot":{"x":212.37191772460938,"y":-203.38458251953126,"z":-383.043212890625},"rotation":{"x":0.2057897001504898,"y":0.7465383410453796,"z":-0.26840391755104067,"w":0.5730642080307007},"size":851.0406494140625,"orthographic":false}