{"cameraMode":{"drawMode":0,"name":"Shaded","section":"Shading Mode"},"sceneLighting":false,"audioPlay":false,"sceneViewState":{"showFog":true,"showMaterialUpdate":true,"showSkybox":true,"showFlares":true,"showImageEffects":true,"showParticleSystems":true},"in2DMode":false,"pivot":{"x":-20.51207160949707,"y":222.88565063476563,"z":-4.925793647766113},"rotation":{"x":0.14180907607078553,"y":0.6988517642021179,"z":-0.14469558000564576,"w":0.6860541701316834},"size":29.022844314575197,"orthographic":false}