{"cameraMode":{"drawMode":0,"name":"Shaded","section":"Shading Mode"},"sceneLighting":true,"audioPlay":false,"sceneViewState":{"showFog":true,"showMaterialUpdate":false,"showSkybox":true,"showFlares":true,"showImageEffects":true,"showParticleSystems":true},"in2DMode":false,"pivot":{"x":430.4537658691406,"y":119.92089080810547,"z":496.97576904296877},"rotation":{"x":-0.06340008974075318,"y":-0.1798383742570877,"z":0.011616655625402928,"w":-0.9815843105316162},"size":2.9562244415283205,"orthographic":false}