{"cameraMode":{"drawMode":0,"name":"Shaded","section":"Shading Mode"},"sceneLighting":false,"audioPlay":false,"sceneViewState":{"showFog":true,"showMaterialUpdate":true,"showSkybox":false,"showFlares":true,"showImageEffects":true,"showParticleSystems":true},"in2DMode":false,"pivot":{"x":-82.34143829345703,"y":222.43338012695313,"z":-0.10567641258239746},"rotation":{"x":-0.5121459364891052,"y":0.065064936876297,"z":-0.03895968198776245,"w":-0.8555571436882019},"size":2.6335110664367677,"orthographic":false}