{"cameraMode":{"drawMode":0,"name":"Shaded","section":"Shading Mode"},"sceneLighting":true,"audioPlay":false,"sceneViewState":{"showFog":true,"showMaterialUpdate":true,"showSkybox":false,"showFlares":true,"showImageEffects":true,"showParticleSystems":true},"in2DMode":false,"pivot":{"x":-0.004200547933578491,"y":-0.32659539580345156,"z":-0.012139923870563507},"rotation":{"x":0.11152570694684982,"y":0.5845164656639099,"z":-0.08108468353748322,"w":0.7997193336486816},"size":0.3452344536781311,"orthographic":false}