{"cameraMode":{"drawMode":0,"name":"Shaded","section":"Shading Mode"},"sceneLighting":true,"audioPlay":false,"sceneViewState":{"showFog":true,"showMaterialUpdate":false,"showSkybox":true,"showFlares":true,"showImageEffects":true,"showParticleSystems":true},"in2DMode":false,"pivot":{"x":605.764892578125,"y":100.94158172607422,"z":465.4120178222656},"rotation":{"x":0.15133540332317353,"y":0.11425045877695084,"z":-0.018159689381718637,"w":0.9818029999732971},"size":2.128661870956421,"orthographic":false}