{"cameraMode":{"drawMode":0,"name":"Shaded","section":"Shading Mode"},"sceneLighting":true,"audioPlay":false,"sceneViewState":{"showFog":true,"showMaterialUpdate":true,"showSkybox":false,"showFlares":true,"showImageEffects":true,"showParticleSystems":true},"in2DMode":false,"pivot":{"x":-0.0437043234705925,"y":-0.36119967699050906,"z":-0.06607258319854737},"rotation":{"x":-0.16349010169506074,"y":0.09513276070356369,"z":-0.015852995216846467,"w":-0.9818459749221802},"size":1.1052536964416505,"orthographic":false}