{"cameraMode":{"drawMode":0,"name":"Shaded","section":"Shading Mode"},"sceneLighting":false,"audioPlay":false,"sceneViewState":{"showFog":true,"showMaterialUpdate":true,"showSkybox":false,"showFlares":true,"showImageEffects":true,"showParticleSystems":true},"in2DMode":false,"pivot":{"x":1.2026934623718262,"y":-0.515921413898468,"z":-0.030899405479431154},"rotation":{"x":-0.1038910299539566,"y":-0.8368035554885864,"z":0.17049305140972138,"w":-0.5098342895507813},"size":3.7969820499420168,"orthographic":false}