{"cameraMode":{"drawMode":0,"name":"Shaded","section":"Shading Mode"},"sceneLighting":false,"audioPlay":false,"sceneViewState":{"showFog":true,"showMaterialUpdate":true,"showSkybox":false,"showFlares":true,"showImageEffects":true,"showParticleSystems":true},"in2DMode":false,"pivot":{"x":20.125213623046876,"y":1.5535399913787842,"z":-12.834599494934082},"rotation":{"x":0.01715092547237873,"y":-0.8885815143585205,"z":-0.03333849087357521,"w":-0.45720216631889346},"size":34.35764694213867,"orthographic":false}