{"cameraMode":{"drawMode":0,"name":"Shaded","section":"Shading Mode"},"sceneLighting":false,"audioPlay":false,"sceneViewState":{"showFog":true,"showMaterialUpdate":true,"showSkybox":false,"showFlares":true,"showImageEffects":true,"showParticleSystems":true},"in2DMode":false,"pivot":{"x":-0.43272674083709719,"y":-0.09863081574440003,"z":0.29857510328292849},"rotation":{"x":-0.17780931293964387,"y":-0.6968427896499634,"z":0.18500934541225434,"w":-0.669775664806366},"size":2.336878776550293,"orthographic":false}