{"cameraMode":{"drawMode":0,"name":"Shaded","section":"Shading Mode"},"sceneLighting":true,"audioPlay":false,"sceneViewState":{"showFog":true,"showMaterialUpdate":true,"showSkybox":true,"showFlares":true,"showImageEffects":true,"showParticleSystems":true},"in2DMode":false,"pivot":{"x":-40.77637481689453,"y":231.1657257080078,"z":0.25369298458099368},"rotation":{"x":-0.175386443734169,"y":-0.655717134475708,"z":0.16045519709587098,"w":-0.7166557312011719},"size":4.239364147186279,"orthographic":false}