{"cameraMode":{"drawMode":0,"name":"Shaded","section":"Shading Mode"},"sceneLighting":false,"audioPlay":false,"sceneViewState":{"showFog":true,"showMaterialUpdate":true,"showSkybox":false,"showFlares":true,"showImageEffects":true,"showParticleSystems":true},"in2DMode":false,"pivot":{"x":2.552422285079956,"y":0.26651474833488467,"z":-0.017991378903388978},"rotation":{"x":-0.06588688492774964,"y":0.7228100895881653,"z":0.0696209967136383,"w":0.6844046115875244},"size":2.8030173778533937,"orthographic":false}