{"cameraMode":{"drawMode":0,"name":"Shaded","section":"Shading Mode"},"sceneLighting":false,"audioPlay":false,"sceneViewState":{"showFog":true,"showMaterialUpdate":true,"showSkybox":false,"showFlares":true,"showImageEffects":true,"showParticleSystems":true},"in2DMode":false,"pivot":{"x":0.24528753757476808,"y":-0.08196210861206055,"z":0.16101717948913575},"rotation":{"x":0.04605516418814659,"y":0.9535940885543823,"z":-0.196683868765831,"w":0.22339724004268647},"size":3.7578835487365724,"orthographic":false}