{"cameraMode":{"drawMode":0,"name":"Shaded","section":"Shading Mode"},"sceneLighting":false,"audioPlay":false,"sceneViewState":{"showFog":true,"showMaterialUpdate":true,"showSkybox":false,"showFlares":true,"showImageEffects":true,"showParticleSystems":true},"in2DMode":false,"pivot":{"x":0.0,"y":-0.03929077088832855,"z":-0.006836414337158203},"rotation":{"x":0.36065351963043215,"y":0.46905645728111269,"z":-0.21798841655254365,"w":0.776153564453125},"size":3.004434823989868,"orthographic":false}