{"cameraMode":{"drawMode":0,"name":"Shaded","section":"Shading Mode"},"sceneLighting":true,"audioPlay":false,"sceneViewState":{"showFog":true,"showMaterialUpdate":false,"showSkybox":true,"showFlares":true,"showImageEffects":true,"showParticleSystems":true},"in2DMode":false,"pivot":{"x":479.6467590332031,"y":128.2222137451172,"z":471.8424072265625},"rotation":{"x":0.08033103495836258,"y":0.5223069787025452,"z":0.04950444772839546,"w":-0.8475285172462463},"size":11.564699172973633,"orthographic":false}