{"cameraMode":{"drawMode":0,"name":"Shaded","section":"Shading Mode"},"sceneLighting":false,"audioPlay":false,"sceneViewState":{"showFog":true,"showMaterialUpdate":true,"showSkybox":false,"showFlares":true,"showImageEffects":true,"showParticleSystems":true},"in2DMode":false,"pivot":{"x":-2.065631866455078,"y":-2.3111448287963869,"z":26.901620864868165},"rotation":{"x":0.14647097885608674,"y":-0.002967576961964369,"z":0.00043956245644949377,"w":0.9892125725746155},"size":40.3765983581543,"orthographic":false}