{"cameraMode":{"drawMode":0,"name":"Shaded","section":"Shading Mode"},"sceneLighting":false,"audioPlay":false,"sceneViewState":{"showFog":true,"showMaterialUpdate":true,"showSkybox":false,"showFlares":true,"showImageEffects":true,"showParticleSystems":true},"in2DMode":false,"pivot":{"x":1.4122447967529297,"y":-0.7991470098495483,"z":0.07612479478120804},"rotation":{"x":-0.15600739419460298,"y":-0.704944372177124,"z":0.163563072681427,"w":-0.6723042130470276},"size":2.59698224067688,"orthographic":false}