{"cameraMode":{"drawMode":0,"name":"Shaded","section":"Shading Mode"},"sceneLighting":true,"audioPlay":false,"sceneViewState":{"showFog":true,"showMaterialUpdate":false,"showSkybox":true,"showFlares":true,"showImageEffects":true,"showParticleSystems":true},"in2DMode":false,"pivot":{"x":363.5744934082031,"y":219.8986053466797,"z":434.4269104003906},"rotation":{"x":0.19499549269676209,"y":0.6902297139167786,"z":-0.20175476372241975,"w":0.6670049428939819},"size":23.965150833129884,"orthographic":false}