{"cameraMode":{"drawMode":0,"name":"Shaded","section":"Shading Mode"},"sceneLighting":false,"audioPlay":false,"sceneViewState":{"showFog":true,"showMaterialUpdate":true,"showSkybox":false,"showFlares":true,"showImageEffects":true,"showParticleSystems":true},"in2DMode":false,"pivot":{"x":-20.905595779418947,"y":-1.1967130899429322,"z":0.41466274857521059},"rotation":{"x":0.0904281735420227,"y":-0.7129851579666138,"z":0.0935775488615036,"w":0.6890062689781189},"size":28.886919021606447,"orthographic":false}