{"cameraMode":{"drawMode":0,"name":"Shaded","section":"Shading Mode"},"sceneLighting":true,"audioPlay":false,"sceneViewState":{"showFog":true,"showMaterialUpdate":true,"showSkybox":true,"showFlares":true,"showImageEffects":true,"showParticleSystems":true},"in2DMode":false,"pivot":{"x":170.36631774902345,"y":442.0059814453125,"z":762.3436279296875},"rotation":{"x":-0.16294395923614503,"y":-0.8304224014282227,"z":0.3139375150203705,"w":-0.43064430356025698},"size":6.344147205352783,"orthographic":false}