{"cameraMode":{"drawMode":0,"name":"Shaded","section":"Shading Mode"},"sceneLighting":true,"audioPlay":false,"sceneViewState":{"showFog":true,"showMaterialUpdate":true,"showSkybox":true,"showFlares":true,"showImageEffects":true,"showParticleSystems":true},"in2DMode":false,"pivot":{"x":-329.5902404785156,"y":-587.0545043945313,"z":45.606658935546878},"rotation":{"x":0.337874174118042,"y":-0.3351869285106659,"z":0.1301976442337036,"w":0.869824230670929},"size":2993.3203125,"orthographic":false}