{"cameraMode":{"drawMode":0,"name":"Shaded","section":"Shading Mode"},"sceneLighting":false,"audioPlay":false,"sceneViewState":{"showFog":true,"showMaterialUpdate":true,"showSkybox":false,"showFlares":true,"showImageEffects":true,"showParticleSystems":true},"in2DMode":false,"pivot":{"x":-34.10797882080078,"y":227.70712280273438,"z":-0.28184154629707339},"rotation":{"x":0.05400867387652397,"y":0.8032388687133789,"z":-0.07370204478502274,"w":0.5886090397834778},"size":4.156920909881592,"orthographic":false}