{"cameraMode":{"drawMode":0,"name":"Shaded","section":"Shading Mode"},"sceneLighting":false,"audioPlay":false,"sceneViewState":{"showFog":true,"showMaterialUpdate":true,"showSkybox":false,"showFlares":true,"showImageEffects":true,"showParticleSystems":true},"in2DMode":false,"pivot":{"x":-4.109856128692627,"y":-4.670768737792969,"z":15.304765701293946},"rotation":{"x":0.28736746311187746,"y":-0.07890643179416657,"z":0.023761628195643426,"w":0.9542734622955322},"size":33.31366729736328,"orthographic":false}