{"cameraMode":{"drawMode":0,"name":"Shaded","section":"Shading Mode"},"sceneLighting":false,"audioPlay":false,"sceneViewState":{"showFog":true,"showMaterialUpdate":false,"showSkybox":false,"showFlares":true,"showImageEffects":true,"showParticleSystems":true},"in2DMode":false,"pivot":{"x":-1.2303705215454102,"y":9.803513526916504,"z":2.105419158935547},"rotation":{"x":0.08271376043558121,"y":0.8423560261726379,"z":-0.13501721620559693,"w":0.5152391195297241},"size":51.139190673828128,"orthographic":false}