{"cameraMode":{"drawMode":0,"name":"Shaded","section":"Shading Mode"},"sceneLighting":false,"audioPlay":false,"sceneViewState":{"showFog":true,"showMaterialUpdate":false,"showSkybox":false,"showFlares":true,"showImageEffects":true,"showParticleSystems":true},"in2DMode":false,"pivot":{"x":-1.2303705215454102,"y":9.803513526916504,"z":2.105419158935547},"rotation":{"x":0.02322327345609665,"y":0.9307485818862915,"z":-0.3599340617656708,"w":0.06012733653187752},"size":2760.9892578125,"orthographic":false}