{"cameraMode":{"drawMode":0,"name":"Shaded","section":"Shading Mode"},"sceneLighting":false,"audioPlay":false,"sceneViewState":{"showFog":true,"showMaterialUpdate":true,"showSkybox":false,"showFlares":true,"showImageEffects":true,"showParticleSystems":true},"in2DMode":false,"pivot":{"x":-3.718221664428711,"y":0.7972841262817383,"z":-13.102374076843262},"rotation":{"x":0.02976486273109913,"y":-0.968177855014801,"z":0.20484215021133424,"w":0.14068235456943513},"size":28.58607292175293,"orthographic":false}