{"cameraMode":{"drawMode":0,"name":"Shaded","section":"Shading Mode"},"sceneLighting":false,"audioPlay":false,"sceneViewState":{"showFog":true,"showMaterialUpdate":true,"showSkybox":false,"showFlares":true,"showImageEffects":true,"showParticleSystems":true},"in2DMode":false,"pivot":{"x":3.249898910522461,"y":-2.96079421043396,"z":1.4328041076660157},"rotation":{"x":-0.20625418424606324,"y":-0.6409609913825989,"z":0.18466119468212129,"w":-0.7159316539764404},"size":10.883536338806153,"orthographic":false}