{"cameraMode":{"drawMode":0,"name":"Shaded","section":"Shading Mode"},"sceneLighting":false,"audioPlay":false,"sceneViewState":{"showFog":true,"showMaterialUpdate":true,"showSkybox":false,"showFlares":true,"showImageEffects":true,"showParticleSystems":true},"in2DMode":false,"pivot":{"x":0.07195031642913819,"y":-0.21868664026260377,"z":0.16460350155830384},"rotation":{"x":0.07635559141635895,"y":0.5546180009841919,"z":-0.05076904967427254,"w":0.8271726369857788},"size":1.1526267528533936,"orthographic":false}