{"cameraMode":{"drawMode":0,"name":"Shaded","section":"Shading Mode"},"sceneLighting":false,"audioPlay":false,"sceneViewState":{"showFog":true,"showMaterialUpdate":false,"showSkybox":false,"showFlares":true,"showImageEffects":true,"showParticleSystems":true},"in2DMode":false,"pivot":{"x":-0.6352103352546692,"y":-0.02213343419134617,"z":0.20314529538154603},"rotation":{"x":-0.03189791738986969,"y":0.7461791038513184,"z":-0.03584376350045204,"w":-0.6640199422836304},"size":1.8521205186843873,"orthographic":false}