{"cameraMode":{"drawMode":0,"name":"Shaded","section":"Shading Mode"},"sceneLighting":false,"audioPlay":false,"sceneViewState":{"showFog":true,"showMaterialUpdate":true,"showSkybox":false,"showFlares":true,"showImageEffects":true,"showParticleSystems":true},"in2DMode":false,"pivot":{"x":-0.28718018531799319,"y":-0.6522776484489441,"z":1.3557758331298829},"rotation":{"x":0.02815578691661358,"y":0.5210371017456055,"z":-0.01720048487186432,"w":0.852896511554718},"size":2.737213373184204,"orthographic":false}