{"cameraMode":{"drawMode":0,"name":"Shaded","section":"Shading Mode"},"sceneLighting":true,"audioPlay":false,"sceneViewState":{"showFog":true,"showMaterialUpdate":true,"showSkybox":true,"showFlares":true,"showImageEffects":true,"showParticleSystems":true},"in2DMode":false,"pivot":{"x":-210.146484375,"y":-64.5894775390625,"z":-155.27618408203126},"rotation":{"x":-0.12305201590061188,"y":0.8768273591995239,"z":-0.33637210726737978,"w":-0.3207617402076721},"size":1172.595703125,"orthographic":false}