{"cameraMode":{"drawMode":0,"name":"Shaded","section":"Shading Mode"},"sceneLighting":true,"audioPlay":false,"sceneViewState":{"showFog":true,"showMaterialUpdate":true,"showSkybox":true,"showFlares":true,"showImageEffects":true,"showParticleSystems":true},"in2DMode":false,"pivot":{"x":-200.2471923828125,"y":-172.76480102539063,"z":-176.6402130126953},"rotation":{"x":-0.08287399262189865,"y":0.8435071110725403,"z":-0.5128857493400574,"w":-0.1362970769405365},"size":765.85693359375,"orthographic":false}