{"cameraMode":{"drawMode":0,"name":"Shaded","section":"Shading Mode"},"sceneLighting":false,"audioPlay":false,"sceneViewState":{"showFog":true,"showMaterialUpdate":true,"showSkybox":false,"showFlares":true,"showImageEffects":true,"showParticleSystems":true},"in2DMode":false,"pivot":{"x":-3.7404544353485109,"y":-2.0188686847686769,"z":1.378720760345459},"rotation":{"x":-0.152048721909523,"y":0.6584515571594238,"z":-0.13829109072685243,"w":-0.724061906337738},"size":6.345235347747803,"orthographic":false}