{"cameraMode":{"drawMode":0,"name":"Shaded","section":"Shading Mode"},"sceneLighting":true,"audioPlay":false,"sceneViewState":{"showFog":true,"showMaterialUpdate":true,"showSkybox":true,"showFlares":true,"showImageEffects":true,"showParticleSystems":true},"in2DMode":false,"pivot":{"x":-18.676536560058595,"y":98.59320068359375,"z":-202.74212646484376},"rotation":{"x":-0.022453295066952707,"y":-0.9575347900390625,"z":0.2767958641052246,"w":-0.07775894552469254},"size":632.6728515625,"orthographic":false}