{"cameraMode":{"drawMode":0,"name":"Shaded","section":"Shading Mode"},"sceneLighting":false,"audioPlay":false,"sceneViewState":{"showFog":true,"showMaterialUpdate":true,"showSkybox":false,"showFlares":true,"showImageEffects":true,"showParticleSystems":true},"in2DMode":false,"pivot":{"x":-0.41645169258117678,"y":-0.6234440207481384,"z":0.7167947888374329},"rotation":{"x":0.10308673977851868,"y":0.6269656419754028,"z":-0.08420080691576004,"w":0.7675930857658386},"size":3.606260299682617,"orthographic":false}