{"cameraMode":{"drawMode":0,"name":"Shaded","section":"Shading Mode"},"sceneLighting":false,"audioPlay":false,"sceneViewState":{"showFog":true,"showMaterialUpdate":false,"showSkybox":true,"showFlares":true,"showImageEffects":true,"showParticleSystems":true},"in2DMode":false,"pivot":{"x":-40.789459228515628,"y":231.2349395751953,"z":0.4211547374725342},"rotation":{"x":-0.2484809309244156,"y":0.5855615139007568,"z":-0.1949312835931778,"w":-0.7466188669204712},"size":2.5459508895874025,"orthographic":false}