{"cameraMode":{"drawMode":0,"name":"Shaded","section":"Shading Mode"},"sceneLighting":false,"audioPlay":false,"sceneViewState":{"showFog":true,"showMaterialUpdate":false,"showSkybox":true,"showFlares":true,"showImageEffects":true,"showParticleSystems":true},"in2DMode":false,"pivot":{"x":-41.77837371826172,"y":231.46131896972657,"z":-5.986446857452393},"rotation":{"x":-0.0001435646554455161,"y":-0.9956575036048889,"z":-0.0011835461482405663,"w":0.09347336739301682},"size":8.137377738952637,"orthographic":false}