{"cameraMode":{"drawMode":0,"name":"Shaded","section":"Shading Mode"},"sceneLighting":false,"audioPlay":false,"sceneViewState":{"showFog":true,"showMaterialUpdate":false,"showSkybox":true,"showFlares":true,"showImageEffects":true,"showParticleSystems":true},"in2DMode":false,"pivot":{"x":-116.09710693359375,"y":296.06158447265627,"z":-457.3950500488281},"rotation":{"x":-0.3302069306373596,"y":0.08080755174160004,"z":-0.028487738221883775,"w":-0.9400556683540344},"size":236.55003356933595,"orthographic":false}