{"cameraMode":{"drawMode":0,"name":"Shaded","section":"Shading Mode"},"sceneLighting":false,"audioPlay":false,"sceneViewState":{"showFog":true,"showMaterialUpdate":false,"showSkybox":true,"showFlares":true,"showImageEffects":true,"showParticleSystems":true},"in2DMode":false,"pivot":{"x":-40.73855972290039,"y":231.25978088378907,"z":0.38013800978660586},"rotation":{"x":-0.17253945767879487,"y":0.7275163531303406,"z":-0.19809146225452424,"w":-0.6338571906089783},"size":2.5459508895874025,"orthographic":false}