{"cameraMode":{"drawMode":0,"name":"Shaded","section":"Shading Mode"},"sceneLighting":false,"audioPlay":false,"sceneViewState":{"showFog":true,"showMaterialUpdate":false,"showSkybox":true,"showFlares":true,"showImageEffects":true,"showParticleSystems":true},"in2DMode":false,"pivot":{"x":-220.516357421875,"y":123.48931884765625,"z":-198.49276733398438},"rotation":{"x":0.31231942772865298,"y":0.061536021530628207,"z":-0.02019922435283661,"w":0.9478051662445068},"size":22.850400924682618,"orthographic":false}