{"cameraMode":{"drawMode":0,"name":"Shaded","section":"Shading Mode"},"sceneLighting":false,"audioPlay":false,"sceneViewState":{"showFog":true,"showMaterialUpdate":false,"showSkybox":true,"showFlares":true,"showImageEffects":true,"showParticleSystems":true},"in2DMode":false,"pivot":{"x":579.4256591796875,"y":122.46334075927735,"z":-121.65792083740235},"rotation":{"x":0.005929516162723303,"y":0.9356826543807983,"z":-0.01572749763727188,"w":0.3525141179561615},"size":16.708051681518556,"orthographic":false}